Bill To,الفاتورة إلى,
Challan Type,نوع إذن التسليم,
Checked By,راجعه,
Company Stamp,ختم الشركة,
Customer Notes,ملاحظات العميل,
Customer Purchase Order,أمر شراء العميل,
Deliver To,التسليم إلى,
Delivery: Ex-stock (subject to prior sale).,التسليم: من المخزون المتاح (رهنًا بعدم البيع المسبق).,
L.R. No.,رقم إيصال النقل,
Payment: 100% advance,الدفع: مقدمًا بنسبة 100٪,
Payment: Cash / Cheque against delivery.,الدفع: نقدًا أو بشيك عند التسليم.,
Prepared By,أعده,
Receiver Name,اسم المستلم,
Requested For,مطلوب لصالح,
Required / Schedule,المطلوب / الموعد,
Signature,التوقيع,
Sr No,الرقم التسلسلي,
Subtotal (Taxable Amount),المجموع الفرعي (المبلغ الخاضع للضريبة),
Supplier Invoice,فاتورة المورد,
Tax Invoice,فاتورة ضريبية,
Terms & Conditions,الشروط والأحكام,
Total (Incl. VAT),الإجمالي (شامل ضريبة القيمة المضافة),
VAT,ضريبة القيمة المضافة,
Warranty: 12 Months from the date of Invoice (against any manufacturing defect),الضمان: 12 شهرًا من تاريخ الفاتورة ضد أي عيب في التصنيع,
"We take this opportunity to thank you for your enquiry, if you have any query please feel free to contact us.",نشكركم على استفساركم، ويرجى التواصل معنا إذا كانت لديكم أي أسئلة.,
Yet to be Approved,بانتظار الاعتماد,
Water,ماء,
Nos,عدد,
