Bill To,बिल प्राप्तकर्ता,
Challan Type,चालान प्रकार,
Checked By,जाँचकर्ता,
Company Stamp,कंपनी की मुहर,
Customer Notes,ग्राहक टिप्पणियाँ,
Customer Purchase Order,ग्राहक खरीद आदेश,
Deliver To,वितरण प्राप्तकर्ता,
Delivery: Ex-stock (subject to prior sale).,वितरण: उपलब्ध स्टॉक से (पूर्व बिक्री के अधीन)।,
L.R. No.,परिवहन रसीद संख्या,
Payment: 100% advance,भुगतान: 100% अग्रिम,
Payment: Cash / Cheque against delivery.,भुगतान: वितरण पर नकद / चेक।,
Prepared By,तैयारकर्ता,
Receiver Name,प्राप्तकर्ता का नाम,
Requested For,इनके लिए अनुरोधित,
Required / Schedule,आवश्यक / निर्धारित तिथि,
Signature,हस्ताक्षर,
Sr No,क्रम संख्या,
Subtotal (Taxable Amount),उप-योग (कर योग्य राशि),
Supplier Invoice,आपूर्तिकर्ता चालान,
Tax Invoice,कर चालान,
Terms & Conditions,नियम और शर्तें,
Total (Incl. VAT),कुल (वैट सहित),
VAT,वैट,
Warranty: 12 Months from the date of Invoice (against any manufacturing defect),वारंटी: चालान की तारीख से 12 महीने (किसी भी निर्माण दोष के लिए),
"We take this opportunity to thank you for your enquiry, if you have any query please feel free to contact us.",आपकी पूछताछ के लिए धन्यवाद। किसी भी प्रश्न के लिए कृपया हमसे संपर्क करें।,
Yet to be Approved,अनुमोदन लंबित,
Water,पानी,
Nos,नग,
