Bill To,ബിൽ സ്വീകർത്താവ്,
Challan Type,ചലാൻ തരം,
Checked By,പരിശോധിച്ചത്,
Company Stamp,കമ്പനി മുദ്ര,
Customer Notes,ഉപഭോക്തൃ കുറിപ്പുകൾ,
Customer Purchase Order,ഉപഭോക്താവിന്റെ വാങ്ങൽ ഓർഡർ,
Deliver To,വിതരണം ചെയ്യേണ്ട വിലാസം,
Delivery: Ex-stock (subject to prior sale).,വിതരണം: ലഭ്യമായ സ്റ്റോക്കിൽ നിന്ന് (മുൻവിൽപ്പനയ്ക്ക് വിധേയമായി).,
L.R. No.,ഗതാഗത രസീത് നമ്പർ,
Payment: 100% advance,പണമടയ്ക്കൽ: 100% മുൻകൂർ,
Payment: Cash / Cheque against delivery.,പണമടയ്ക്കൽ: വിതരണ സമയത്ത് പണം / ചെക്ക്.,
Prepared By,തയ്യാറാക്കിയത്,
Receiver Name,സ്വീകർത്താവിന്റെ പേര്,
Requested For,അഭ്യർത്ഥിച്ചത് ആർക്കുവേണ്ടി,
Required / Schedule,ആവശ്യമായ / നിശ്ചയിച്ച തീയതി,
Signature,ഒപ്പ്,
Sr No,ക്രമ നമ്പർ,
Subtotal (Taxable Amount),ഉപമൊത്തം (നികുതി ബാധകമായ തുക),
Supplier Invoice,വിതരണക്കാരന്റെ ഇൻവോയ്സ്,
Tax Invoice,നികുതി ഇൻവോയ്സ്,
Terms & Conditions,നിബന്ധനകളും വ്യവസ്ഥകളും,
Total (Incl. VAT),ആകെ (വാറ്റ് ഉൾപ്പെടെ),
VAT,വാറ്റ്,
Warranty: 12 Months from the date of Invoice (against any manufacturing defect),വാറന്റി: ഇൻവോയ്സ് തീയതി മുതൽ 12 മാസം (നിർമ്മാണ തകരാറുകൾക്ക്),
"We take this opportunity to thank you for your enquiry, if you have any query please feel free to contact us.",നിങ്ങളുടെ അന്വേഷണത്തിന് നന്ദി. എന്തെങ്കിലും ചോദ്യങ്ങളുണ്ടെങ്കിൽ ഞങ്ങളെ ബന്ധപ്പെടുക.,
Yet to be Approved,അംഗീകാരം കാത്തിരിക്കുന്നു,
Water,വെള്ളം,
Nos,എണ്ണം,
